"question_key","bank_id","question_id","category_id","level_key","prompt","answer","explanation","status","source_status","random_order","order_key"
"B2026-08-18|HI-001","B2026-08-18","HI-001","HI","S_DIFICULTAD_TRIVIAL_V1|CUR","¿Qué ciudad romana quedó sepultada por la erupción del Vesubio del año 79 d. C. y fue redescubierta siglos después?","Pompeya.","La erupción enterró Pompeya bajo materiales volcánicos, preservando gran parte de la ciudad.","retired","administrada","10","B2026-08-18|000010|HI-001"
"B2026-08-18|HI-002","B2026-08-18","HI-002","HI","S_DIFICULTAD_TRIVIAL_V1|CUR","¿Qué declaración aprobada en Francia en 1789 proclamó derechos como la libertad y la igualdad jurídica?","La Declaración de los Derechos del Hombre y del Ciudadano.","Fue uno de los textos fundamentales de la Revolución francesa.","retired","administrada","3","B2026-08-18|000003|HI-002"
"B2026-08-18|HI-003","B2026-08-18","HI-003","HI","S_DIFICULTAD_TRIVIAL_V1|CUR","¿Cómo se conoce la protesta de 1773 en la que colonos americanos arrojaron cargamentos de té al puerto de Boston?","El Motín del Té de Boston o Boston Tea Party.","La protesta contra los impuestos británicos fue uno de los episodios previos a la independencia estadounidense.","active","no administrada","17","B2026-08-18|000017|HI-003"
"B2026-08-18|HI-004","B2026-08-18","HI-004","HI","S_DIFICULTAD_TRIVIAL_V1|CUR","¿Qué imperio gobernó Akbar el Grande en el siglo XVI?","El Imperio mogol.","Akbar amplió y consolidó el Imperio mogol en gran parte del subcontinente indio.","retired","administrada","7","B2026-08-18|000007|HI-004"
"B2026-08-18|HI-005","B2026-08-18","HI-005","HI","S_DIFICULTAD_TRIVIAL_V1|CUR","¿Qué batalla de 1066 permitió a Guillermo el Conquistador hacerse con la corona de Inglaterra?","La batalla de Hastings.","La victoria normanda sobre Haroldo II abrió una nueva etapa en la historia inglesa.","active","no administrada","18","B2026-08-18|000018|HI-005"
"B2026-08-18|HI-006","B2026-08-18","HI-006","HI","S_DIFICULTAD_TRIVIAL_V1|CUR","¿Qué congreso reorganizó el mapa político europeo tras la derrota de Napoleón?","El Congreso de Viena.","Celebrado entre 1814 y 1815, buscó restaurar el equilibrio entre las potencias europeas.","retired","administrada","9","B2026-08-18|000009|HI-006"
"B2026-08-18|HI-008","B2026-08-18","HI-008","HI","S_DIFICULTAD_TRIVIAL_V1|CUR","¿Qué guerra enfrentó principalmente a Atenas y Esparta en el siglo V a. C.?","La guerra del Peloponeso.","El conflicto enfrentó a las alianzas lideradas por Atenas y Esparta entre 431 y 404 a. C.","retired","administrada","13","B2026-08-18|000013|HI-008"
"B2026-08-18|HI-009","B2026-08-18","HI-009","HI","S_DIFICULTAD_TRIVIAL_V1|CUR","¿Qué dinastía gobernó China entre 1368 y 1644?","La dinastía Ming.","Los Ming sucedieron a la dinastía Yuan y fueron reemplazados por los Qing.","retired","administrada","12","B2026-08-18|000012|HI-009"
"B2026-08-18|HI-010","B2026-08-18","HI-010","HI","S_DIFICULTAD_TRIVIAL_V1|CUR","¿Qué emperador romano promovió en 380 el cristianismo niceno como religión oficial del Imperio mediante el Edicto de Tesalónica?","Teodosio I.","El Edicto de Tesalónica fue promulgado por Teodosio I junto con Graciano y Valentiniano II.","retired","administrada","11","B2026-08-18|000011|HI-010"
"B2026-08-18|HI-011","B2026-08-18","HI-011","HI","S_DIFICULTAD_TRIVIAL_V1|CUR","¿Qué civilización de Mesopotamia desarrolló la escritura cuneiforme a finales del IV milenio a. C.?","La civilización sumeria.","Los sumerios emplearon signos impresos sobre tablillas de arcilla, inicialmente con fines administrativos.","retired","administrada","16","B2026-08-18|000016|HI-011"
"B2026-08-18|HI-012","B2026-08-18","HI-012","HI","S_DIFICULTAD_TRIVIAL_V1|CUR","¿Qué revolución rusa de 1917 provocó la abdicación del zar Nicolás II?","La Revolución de Febrero.","La Revolución de Febrero derribó la monarquía; la de Octubre llevó después a los bolcheviques al poder.","retired","administrada","14","B2026-08-18|000014|HI-012"
"B2026-08-18|HI-013","B2026-08-18","HI-013","HI","S_DIFICULTAD_TRIVIAL_V1|CUR","¿Qué líder independentista sudamericano fue conocido como «el Libertador» y dio nombre a Bolivia?","Simón Bolívar.","Bolívar desempeñó un papel central en la independencia de varios territorios hispanoamericanos.","retired","administrada","5","B2026-08-18|000005|HI-013"
"B2026-08-18|HI-014","B2026-08-18","HI-014","HI","S_DIFICULTAD_TRIVIAL_V1|CUR","¿Qué conflicto medieval enfrentó de forma intermitente a las coronas de Inglaterra y Francia entre 1337 y 1453?","La Guerra de los Cien Años.","Aunque duró más de un siglo, la denominación agrupa varias fases de guerra entre ambas monarquías.","retired","administrada","15","B2026-08-18|000015|HI-014"
"B2026-08-18|HI-015","B2026-08-18","HI-015","HI","S_DIFICULTAD_TRIVIAL_V1|AUT","¿Qué paz de 1555 consagró en el Sacro Imperio la fórmula «cuius regio, eius religio»?","La Paz de Augsburgo.","El acuerdo permitió a los príncipes imperiales elegir entre catolicismo y luteranismo para sus territorios.","retired","administrada","1","B2026-08-18|000001|HI-015"
"B2026-08-18|HI-016","B2026-08-18","HI-016","HI","S_DIFICULTAD_TRIVIAL_V1|AUT","¿Qué líder chino encabezó la Rebelión Taiping del siglo XIX y afirmó ser hermano menor de Jesucristo?","Hong Xiuquan.","Hong Xiuquan dirigió el Reino Celestial Taiping durante una de las guerras civiles más devastadoras de la historia.","retired","administrada","4","B2026-08-18|000004|HI-016"
"B2026-08-18|HI-017","B2026-08-18","HI-017","HI","S_DIFICULTAD_TRIVIAL_V1|AUT","¿Qué episodio de 1618, en el que varios representantes imperiales fueron arrojados por una ventana, contribuyó a desencadenar la Guerra de los Treinta Años?","La Defenestración de Praga.","El incidente simbolizó la ruptura entre los estamentos bohemios protestantes y la autoridad de los Habsburgo.","retired","administrada","2","B2026-08-18|000002|HI-017"
"B2026-08-18|HI-018","B2026-08-18","HI-018","HI","S_DIFICULTAD_TRIVIAL_V1|AUT","¿Qué batalla naval de 1571 enfrentó a la Liga Santa con el Imperio otomano y contó con don Juan de Austria como comandante de la flota cristiana?","La batalla de Lepanto.","Lepanto fue una gran victoria naval de la Liga Santa en el Mediterráneo.","retired","administrada","8","B2026-08-18|000008|HI-018"
"B2026-08-18|HI-019","B2026-08-18","HI-019","HI","S_DIFICULTAD_TRIVIAL_V1|NIC","¿Qué imperio empleó durante siglos el sistema del «devşirme», por el que reclutaba jóvenes cristianos para servir al Estado y, entre otros destinos, a los jenízaros?","El Imperio otomano.","El devşirme fue un sistema de reclutamiento y conversión utilizado por el Estado otomano, especialmente en los Balcanes.","active","no administrada","20","B2026-08-18|000020|HI-019"
"B2026-08-18|HI-020","B2026-08-18","HI-020","HI","S_DIFICULTAD_TRIVIAL_V1|NIC","¿Qué batalla de 1260, librada en Palestina, supuso una gran derrota de los mongoles frente a los mamelucos?","La batalla de Ain Yalut (Ayn Jalut).","La victoria mameluca frenó la expansión mongola hacia Egipto y consolidó su poder en la región.","retired","administrada","6","B2026-08-18|000006|HI-020"
"B2026-08-18|HI-021","B2026-08-18","HI-021","HI","S_DIFICULTAD_TRIVIAL_V1|CUR","¿Qué tratado de 1919 impuso las principales condiciones de paz a Alemania tras la Primera Guerra Mundial?","El Tratado de Versalles.","El tratado fijó, entre otras medidas, pérdidas territoriales, limitaciones militares y reparaciones para Alemania.","active","no administrada","21","B2026-08-18|000021|HI-021"
"B2026-08-18|HI-022","B2026-08-18","HI-022","HI","S_DIFICULTAD_TRIVIAL_V1|AUT","¿Qué califa abasí fundó Bagdad en el siglo VIII y la convirtió en capital de su califato?","Al-Mansur.","El califa abasí al-Mansur fundó Bagdad en 762; la ciudad se convirtió después en uno de los grandes centros del mundo islámico.","active","no administrada","22","B2026-08-18|000022|HI-022"
"B2026-08-18|HI-023","B2026-08-18","HI-023","HI","S_DIFICULTAD_TRIVIAL_V1|CUR","¿Qué piedra hallada en 1799 permitió descifrar los jeroglíficos egipcios al contener textos equivalentes en tres escrituras?","La piedra de Rosetta.","El texto aparece en jeroglífico, demótico y griego antiguo.","active","curated","23","B2026-08-18|000023|HI-023"
"B2026-08-18|HI-024","B2026-08-18","HI-024","HI","S_DIFICULTAD_TRIVIAL_V1|CUR","¿Qué rey babilonio da nombre a uno de los códigos legales más famosos de la Antigüedad?","Hammurabi.","El Código de Hammurabi fue grabado en una estela durante el siglo XVIII a. C.","active","curated","24","B2026-08-18|000024|HI-024"
"B2026-08-18|HI-025","B2026-08-18","HI-025","HI","S_DIFICULTAD_TRIVIAL_V1|CUR","¿En qué batalla de 331 a. C. derrotó Alejandro Magno decisivamente a Darío III?","En Gaugamela.","La victoria abrió a Alejandro el control del núcleo del Imperio aqueménida.","active","curated","25","B2026-08-18|000025|HI-025"
"B2026-08-18|HI-026","B2026-08-18","HI-026","HI","S_DIFICULTAD_TRIVIAL_V1|CUR","¿Qué dos potencias se enfrentaron en las guerras púnicas?","Roma y Cartago.","Las tres guerras púnicas se disputaron entre los siglos III y II a. C.","active","curated","26","B2026-08-18|000026|HI-026"
"B2026-08-18|HI-027","B2026-08-18","HI-027","HI","S_DIFICULTAD_TRIVIAL_V1|CUR","¿Qué río cruzó Julio César en 49 a. C., iniciando una guerra civil romana?","El Rubicón.","Cruzar con su ejército quebrantó la prohibición de entrar armado en Italia.","active","curated","27","B2026-08-18|000027|HI-027"
"B2026-08-18|HI-028","B2026-08-18","HI-028","HI","S_DIFICULTAD_TRIVIAL_V1|CUR","¿Quién fue el primer emperador romano?","Augusto.","Octavio recibió el título de Augusto en 27 a. C.","active","curated","28","B2026-08-18|000028|HI-028"
"B2026-08-18|HI-029","B2026-08-18","HI-029","HI","S_DIFICULTAD_TRIVIAL_V1|CUR","¿En qué polis griega se desarrolló la democracia directa clásica?","Atenas.","Los ciudadanos varones participaban en la asamblea, aunque gran parte de la población quedaba excluida.","active","curated","29","B2026-08-18|000029|HI-029"
"B2026-08-18|HI-030","B2026-08-18","HI-030","HI","S_DIFICULTAD_TRIVIAL_V1|CUR","¿Qué batalla de 490 a. C. dio una victoria ateniense sobre el Imperio persa?","La batalla de Maratón.","La batalla formó parte de la primera guerra médica.","active","curated","30","B2026-08-18|000030|HI-030"
"B2026-08-18|HI-031","B2026-08-18","HI-031","HI","S_DIFICULTAD_TRIVIAL_V1|CUR","¿Qué emperador ordenó construir una muralla defensiva en el norte de Britania?","Adriano.","La muralla de Adriano comenzó a construirse en el año 122.","active","curated","31","B2026-08-18|000031|HI-031"
"B2026-08-18|HI-032","B2026-08-18","HI-032","HI","S_DIFICULTAD_TRIVIAL_V1|CUR","¿Qué gladiador encabezó una gran rebelión de esclavos contra Roma entre 73 y 71 a. C.?","Espartaco.","La revuelta es conocida como la tercera guerra servil.","active","curated","32","B2026-08-18|000032|HI-032"
"B2026-08-18|HI-033","B2026-08-18","HI-033","HI","S_DIFICULTAD_TRIVIAL_V1|CUR","¿Qué gobernante unificó China en 221 a. C. y se proclamó primer emperador?","Qin Shi Huang.","Fundó la dinastía Qin y estandarizó medidas, moneda y escritura.","active","curated","33","B2026-08-18|000033|HI-033"
"B2026-08-18|HI-034","B2026-08-18","HI-034","HI","S_DIFICULTAD_TRIVIAL_V1|CUR","¿Qué emperador maurya promovió el budismo tras la guerra de Kalinga?","Ashoka.","Sus edictos en piedra difundieron principios morales y administrativos.","active","curated","34","B2026-08-18|000034|HI-034"
"B2026-08-18|HI-035","B2026-08-18","HI-035","HI","S_DIFICULTAD_TRIVIAL_V1|CUR","¿Qué civilización mesoamericana creó centros como San Lorenzo y La Venta?","La olmeca.","La cultura olmeca floreció en la costa del golfo de México.","active","curated","35","B2026-08-18|000035|HI-035"
"B2026-08-18|HI-036","B2026-08-18","HI-036","HI","S_DIFICULTAD_TRIVIAL_V1|CUR","¿Qué civilización precolombina utilizó una escritura jeroglífica plenamente desarrollada en Mesoamérica?","La maya.","La escritura maya combinaba signos logográficos y silábicos.","active","curated","36","B2026-08-18|000036|HI-036"
"B2026-08-18|HI-037","B2026-08-18","HI-037","HI","S_DIFICULTAD_TRIVIAL_V1|CUR","¿Qué reina egipcia fue aliada de Julio César y Marco Antonio?","Cleopatra VII.","Fue la última soberana activa de la dinastía ptolemaica.","active","curated","37","B2026-08-18|000037|HI-037"
"B2026-08-18|HI-038","B2026-08-18","HI-038","HI","S_DIFICULTAD_TRIVIAL_V1|CUR","¿Qué rey franco fue coronado emperador en Roma el día de Navidad del año 800?","Carlomagno.","El papa León III realizó la coronación en la basílica de San Pedro.","active","curated","38","B2026-08-18|000038|HI-038"
"B2026-08-18|HI-039","B2026-08-18","HI-039","HI","S_DIFICULTAD_TRIVIAL_V1|CUR","¿Qué documento aceptó Juan sin Tierra en 1215 para limitar el poder real inglés?","La Carta Magna.","El acuerdo de Runnymede afirmó que el rey también estaba sujeto a la ley.","active","curated","39","B2026-08-18|000039|HI-039"
"B2026-08-18|HI-040","B2026-08-18","HI-040","HI","S_DIFICULTAD_TRIVIAL_V1|CUR","¿Qué ciudad conquistaron los cruzados en 1099 al culminar la Primera Cruzada?","Jerusalén.","Tras la toma se estableció el Reino latino de Jerusalén.","active","curated","40","B2026-08-18|000040|HI-040"
"B2026-08-18|HI-041","B2026-08-18","HI-041","HI","S_DIFICULTAD_TRIVIAL_V1|CUR","¿Cómo se conoce la pandemia que devastó Eurasia a mediados del siglo XIV?","La Peste Negra.","La pandemia causó una mortalidad extraordinaria entre 1347 y 1353.","active","curated","41","B2026-08-18|000041|HI-041"
"B2026-08-18|HI-042","B2026-08-18","HI-042","HI","S_DIFICULTAD_TRIVIAL_V1|CUR","¿Qué reino nazarí fue conquistado por los Reyes Católicos en 1492?","El reino de Granada.","Su caída puso fin al último Estado islámico peninsular medieval.","active","curated","42","B2026-08-18|000042|HI-042"
"B2026-08-18|HI-043","B2026-08-18","HI-043","HI","S_DIFICULTAD_TRIVIAL_V1|CUR","¿Cuál era la capital del Imperio bizantino?","Constantinopla.","La ciudad, hoy Estambul, fue capital imperial desde el siglo IV.","active","curated","43","B2026-08-18|000043|HI-043"
"B2026-08-18|HI-044","B2026-08-18","HI-044","HI","S_DIFICULTAD_TRIVIAL_V1|CUR","¿Qué explorador nórdico llegó a Vinlandia alrededor del año 1000?","Leif Erikson.","Los restos de L’Anse aux Meadows prueban presencia nórdica en Norteamérica.","active","curated","44","B2026-08-18|000044|HI-044"
"B2026-08-18|HI-045","B2026-08-18","HI-045","HI","S_DIFICULTAD_TRIVIAL_V1|CUR","¿Cómo se llama el sistema medieval basado en vínculos de vasallaje y control señorial de tierras?","Feudalismo.","El término agrupa relaciones políticas, militares y económicas diversas.","active","curated","45","B2026-08-18|000045|HI-045"
"B2026-08-18|HI-046","B2026-08-18","HI-046","HI","S_DIFICULTAD_TRIVIAL_V1|CUR","¿Qué ruptura de 1054 separó convencionalmente a las Iglesias de Roma y Constantinopla?","El Gran Cisma de Oriente.","Las excomuniones de 1054 simbolizan una separación desarrollada durante siglos.","active","curated","46","B2026-08-18|000046|HI-046"
"B2026-08-18|HI-047","B2026-08-18","HI-047","HI","S_DIFICULTAD_TRIVIAL_V1|CUR","¿Qué título recibió Temuyín al unificar las tribus mongolas en 1206?","Gengis Kan.","Desde entonces comenzó una expansión que originó el mayor imperio terrestre contiguo.","active","curated","47","B2026-08-18|000047|HI-047"
"B2026-08-18|HI-048","B2026-08-18","HI-048","HI","S_DIFICULTAD_TRIVIAL_V1|CUR","¿Qué universidad italiana, fundada convencionalmente en 1088, suele considerarse la más antigua de Europa en funcionamiento?","La Universidad de Bolonia.","Bolonia destacó por el estudio del derecho.","active","curated","48","B2026-08-18|000048|HI-048"
"B2026-08-18|HI-049","B2026-08-18","HI-049","HI","S_DIFICULTAD_TRIVIAL_V1|CUR","¿Qué ciudad fue capital del califato proclamado por Abderramán III en 929?","Córdoba.","La ciudad fue uno de los grandes centros políticos y culturales de al-Ándalus.","active","curated","49","B2026-08-18|000049|HI-049"
"B2026-08-18|HI-050","B2026-08-18","HI-050","HI","S_DIFICULTAD_TRIVIAL_V1|CUR","¿Cómo se llama el impulso educativo y cultural promovido en la corte de Carlomagno?","Renacimiento carolingio.","Favoreció escuelas, copia de manuscritos y una escritura más legible.","active","curated","50","B2026-08-18|000050|HI-050"
"B2026-08-18|HI-051","B2026-08-18","HI-051","HI","S_DIFICULTAD_TRIVIAL_V1|CUR","¿Qué joven francesa participó en la Guerra de los Cien Años y fue ejecutada en Ruan en 1431?","Juana de Arco.","Su intervención elevó la moral francesa durante el asedio de Orleans.","active","curated","51","B2026-08-18|000051|HI-051"
"B2026-08-18|HI-052","B2026-08-18","HI-052","HI","S_DIFICULTAD_TRIVIAL_V1|CUR","¿Qué liga comercial conectó ciudades del Báltico y el mar del Norte durante la Baja Edad Media?","La Liga Hanseática.","Ciudades mercantiles cooperaron para proteger rutas y privilegios comerciales.","active","curated","52","B2026-08-18|000052|HI-052"
"B2026-08-18|HI-053","B2026-08-18","HI-053","HI","S_DIFICULTAD_TRIVIAL_V1|CUR","¿En qué año llegó Cristóbal Colón al Caribe en su primer viaje?","1492.","La expedición castellana arribó a una isla de las Bahamas el 12 de octubre.","active","curated","53","B2026-08-18|000053|HI-053"
"B2026-08-18|HI-054","B2026-08-18","HI-054","HI","S_DIFICULTAD_TRIVIAL_V1|CUR","¿Qué reformador publicó las noventa y cinco tesis en 1517?","Martín Lutero.","Su protesta contra las indulgencias impulsó la Reforma protestante.","active","curated","54","B2026-08-18|000054|HI-054"
"B2026-08-18|HI-055","B2026-08-18","HI-055","HI","S_DIFICULTAD_TRIVIAL_V1|CUR","¿Qué conquistador dirigió la caída de Tenochtitlan en 1521?","Hernán Cortés.","La conquista contó con amplias alianzas indígenas contra el poder mexica.","active","curated","55","B2026-08-18|000055|HI-055"
"B2026-08-18|HI-056","B2026-08-18","HI-056","HI","S_DIFICULTAD_TRIVIAL_V1|CUR","¿Qué conquistador capturó al inca Atahualpa en Cajamarca en 1532?","Francisco Pizarro.","La captura desestabilizó decisivamente al Imperio inca.","active","curated","56","B2026-08-18|000056|HI-056"
"B2026-08-18|HI-057","B2026-08-18","HI-057","HI","S_DIFICULTAD_TRIVIAL_V1|CUR","¿Qué flota enviada por Felipe II fracasó en su intento de invadir Inglaterra en 1588?","La Armada Invencible o Gran Armada.","Combates, temporales y problemas logísticos frustraron la expedición.","active","curated","57","B2026-08-18|000057|HI-057"
"B2026-08-18|HI-058","B2026-08-18","HI-058","HI","S_DIFICULTAD_TRIVIAL_V1|CUR","¿Qué acuerdos de 1648 pusieron fin a la Guerra de los Treinta Años?","La Paz de Westfalia.","Los tratados de Münster y Osnabrück reorganizaron equilibrios europeos.","active","curated","58","B2026-08-18|000058|HI-058"
"B2026-08-18|HI-059","B2026-08-18","HI-059","HI","S_DIFICULTAD_TRIVIAL_V1|CUR","¿Qué revolución inglesa de 1688 depuso a Jacobo II?","La Revolución Gloriosa.","Guillermo III y María II aceptaron límites parlamentarios al poder real.","active","curated","59","B2026-08-18|000059|HI-059"
"B2026-08-18|HI-060","B2026-08-18","HI-060","HI","S_DIFICULTAD_TRIVIAL_V1|CUR","¿En qué año aprobaron las Trece Colonias su Declaración de Independencia?","1776.","El Segundo Congreso Continental la adoptó el 4 de julio.","active","curated","60","B2026-08-18|000060|HI-060"
"B2026-08-18|HI-061","B2026-08-18","HI-061","HI","S_DIFICULTAD_TRIVIAL_V1|CUR","¿Qué fortaleza-prisión parisina fue asaltada el 14 de julio de 1789?","La Bastilla.","Su caída se convirtió en símbolo de la Revolución francesa.","active","curated","61","B2026-08-18|000061|HI-061"
"B2026-08-18|HI-062","B2026-08-18","HI-062","HI","S_DIFICULTAD_TRIVIAL_V1|CUR","¿Quién proclamó la independencia de Haití en 1804 y se convirtió en su primer gobernante?","Jean-Jacques Dessalines.","Haití surgió de una revolución de esclavizados contra el dominio francés.","active","curated","62","B2026-08-18|000062|HI-062"
"B2026-08-18|HI-063","B2026-08-18","HI-063","HI","S_DIFICULTAD_TRIVIAL_V1|CUR","¿En qué batalla de 1815 fue derrotado definitivamente Napoleón?","Waterloo.","La derrota frente a la coalición condujo a su segundo y último exilio.","active","curated","63","B2026-08-18|000063|HI-063"
"B2026-08-18|HI-064","B2026-08-18","HI-064","HI","S_DIFICULTAD_TRIVIAL_V1|CUR","¿Qué general participó decisivamente en la independencia de Argentina, Chile y Perú?","José de San Martín.","Su campaña cruzó los Andes y abrió la liberación de Chile.","active","curated","64","B2026-08-18|000064|HI-064"
"B2026-08-18|HI-065","B2026-08-18","HI-065","HI","S_DIFICULTAD_TRIVIAL_V1|CUR","¿Qué inventor escocés mejoró de forma decisiva la máquina de vapor en el siglo XVIII?","James Watt.","Sus mejoras de eficiencia favorecieron la industrialización.","active","curated","65","B2026-08-18|000065|HI-065"
"B2026-08-18|HI-066","B2026-08-18","HI-066","HI","S_DIFICULTAD_TRIVIAL_V1|CUR","¿Qué enmienda abolió la esclavitud en Estados Unidos en 1865?","La Decimotercera Enmienda.","Prohibió la esclavitud salvo como castigo por un delito.","active","curated","66","B2026-08-18|000066|HI-066"
"B2026-08-18|HI-067","B2026-08-18","HI-067","HI","S_DIFICULTAD_TRIVIAL_V1|CUR","¿Qué figura italiana dirigió la Expedición de los Mil en 1860?","Giuseppe Garibaldi.","La campaña facilitó la incorporación del Reino de las Dos Sicilias a la Italia unificada.","active","curated","67","B2026-08-18|000067|HI-067"
"B2026-08-18|HI-068","B2026-08-18","HI-068","HI","S_DIFICULTAD_TRIVIAL_V1|CUR","¿Qué canciller prusiano impulsó la unificación alemana?","Otto von Bismarck.","Combinó diplomacia y guerras para formar el Imperio alemán en 1871.","active","curated","68","B2026-08-18|000068|HI-068"
"B2026-08-18|HI-069","B2026-08-18","HI-069","HI","S_DIFICULTAD_TRIVIAL_V1|CUR","¿Qué transformación política japonesa comenzó en 1868 con la restauración del poder imperial?","La Restauración Meiji.","Japón emprendió reformas institucionales, militares e industriales.","active","curated","69","B2026-08-18|000069|HI-069"
"B2026-08-18|HI-070","B2026-08-18","HI-070","HI","S_DIFICULTAD_TRIVIAL_V1|CUR","¿Qué dos países fueron los principales contendientes de las guerras del Opio del siglo XIX?","China y el Reino Unido.","Las guerras forzaron la apertura de puertos chinos y tratados desiguales.","active","curated","70","B2026-08-18|000070|HI-070"
"B2026-08-18|HI-071","B2026-08-18","HI-071","HI","S_DIFICULTAD_TRIVIAL_V1|CUR","¿Qué canal inaugurado en 1869 conectó el Mediterráneo con el mar Rojo?","El canal de Suez.","La vía redujo la ruta marítima entre Europa y Asia.","active","curated","71","B2026-08-18|000071|HI-071"
"B2026-08-18|HI-072","B2026-08-18","HI-072","HI","S_DIFICULTAD_TRIVIAL_V1|CUR","¿Qué conferencia de 1884-1885 fijó reglas europeas para la ocupación colonial de África?","La Conferencia de Berlín.","Las potencias negociaron principios de ocupación sin representación africana.","active","curated","72","B2026-08-18|000072|HI-072"
"B2026-08-18|HI-073","B2026-08-18","HI-073","HI","S_DIFICULTAD_TRIVIAL_V1|CUR","¿Qué archiduque fue asesinado en Sarajevo en junio de 1914?","Francisco Fernando de Austria.","El atentado desencadenó la crisis que condujo a la Primera Guerra Mundial.","active","curated","73","B2026-08-18|000073|HI-073"
"B2026-08-18|HI-074","B2026-08-18","HI-074","HI","S_DIFICULTAD_TRIVIAL_V1|CUR","¿Qué partido tomó el poder en Rusia durante la Revolución de Octubre de 1917?","El Partido Bolchevique.","Los bolcheviques, dirigidos por Lenin, depusieron al Gobierno provisional.","active","curated","74","B2026-08-18|000074|HI-074"
"B2026-08-18|HI-075","B2026-08-18","HI-075","HI","S_DIFICULTAD_TRIVIAL_V1|CUR","¿Qué organización internacional se creó tras la Primera Guerra Mundial para promover la seguridad colectiva?","La Sociedad de Naciones.","Su incapacidad para frenar nuevas agresiones mostró sus límites.","active","curated","75","B2026-08-18|000075|HI-075"
"B2026-08-18|HI-076","B2026-08-18","HI-076","HI","S_DIFICULTAD_TRIVIAL_V1|CUR","¿Qué desplome bursátil de 1929 simboliza el inicio de la Gran Depresión?","El crac de Wall Street.","La crisis financiera agravó una contracción económica internacional.","active","curated","76","B2026-08-18|000076|HI-076"
"B2026-08-18|HI-077","B2026-08-18","HI-077","HI","S_DIFICULTAD_TRIVIAL_V1|CUR","¿Entre qué años se desarrolló la Guerra Civil española?","Entre 1936 y 1939.","El conflicto terminó con la victoria del bando sublevado y la dictadura de Franco.","active","curated","77","B2026-08-18|000077|HI-077"
"B2026-08-18|HI-078","B2026-08-18","HI-078","HI","S_DIFICULTAD_TRIVIAL_V1|CUR","¿En qué región francesa desembarcaron los Aliados el Día D de 1944?","Normandía.","La Operación Overlord abrió un gran frente occidental contra la Alemania nazi.","active","curated","78","B2026-08-18|000078|HI-078"
"B2026-08-18|HI-079","B2026-08-18","HI-079","HI","S_DIFICULTAD_TRIVIAL_V1|CUR","¿Cómo se llama el genocidio sistemático de seis millones de judíos europeos perpetrado por la Alemania nazi y sus colaboradores?","El Holocausto o Shoá.","También fueron perseguidos y asesinados millones de miembros de otros grupos.","active","curated","79","B2026-08-18|000079|HI-079"
"B2026-08-18|HI-080","B2026-08-18","HI-080","HI","S_DIFICULTAD_TRIVIAL_V1|CUR","¿En qué año se fundó la Organización de las Naciones Unidas?","1945.","La Carta de la ONU entró en vigor el 24 de octubre de 1945.","active","curated","80","B2026-08-18|000080|HI-080"
"B2026-08-18|HI-081","B2026-08-18","HI-081","HI","S_DIFICULTAD_TRIVIAL_V1|CUR","¿En qué año logró la India la independencia del dominio británico?","1947.","La retirada británica estuvo acompañada por la partición de India y Pakistán.","active","curated","81","B2026-08-18|000081|HI-081"
"B2026-08-18|HI-082","B2026-08-18","HI-082","HI","S_DIFICULTAD_TRIVIAL_V1|CUR","¿Quién proclamó la República Popular China en 1949?","Mao Zedong.","La proclamación siguió a la victoria comunista en la guerra civil china.","active","curated","82","B2026-08-18|000082|HI-082"
"B2026-08-18|HI-083","B2026-08-18","HI-083","HI","S_DIFICULTAD_TRIVIAL_V1|CUR","¿Qué crisis de 1962 llevó a Estados Unidos y la Unión Soviética al borde de una guerra nuclear?","La crisis de los misiles de Cuba.","Terminó con la retirada negociada de misiles soviéticos de Cuba.","active","curated","83","B2026-08-18|000083|HI-083"
"B2026-08-18|HI-084","B2026-08-18","HI-084","HI","S_DIFICULTAD_TRIVIAL_V1|CUR","¿En qué año cayó el Muro de Berlín?","1989.","La apertura del 9 de noviembre aceleró la reunificación alemana.","active","curated","84","B2026-08-18|000084|HI-084"
"B2026-08-18|HI-085","B2026-08-18","HI-085","HI","S_DIFICULTAD_TRIVIAL_V1|CUR","¿Qué líder condujo a Ghana a la independencia en 1957?","Kwame Nkrumah.","Ghana fue el primer país subsahariano colonizado en independizarse en la posguerra.","active","curated","85","B2026-08-18|000085|HI-085"
"B2026-08-18|HI-086","B2026-08-18","HI-086","HI","S_DIFICULTAD_TRIVIAL_V1|CUR","¿Qué dirigente sudafricano fue elegido presidente en 1994 tras el fin del apartheid?","Nelson Mandela.","Las elecciones de 1994 fueron las primeras con sufragio universal del país.","active","curated","86","B2026-08-18|000086|HI-086"
"B2026-08-18|HI-087","B2026-08-18","HI-087","HI","S_DIFICULTAD_TRIVIAL_V1|CUR","¿Qué tratado firmado en 1992 creó formalmente la Unión Europea?","El Tratado de Maastricht.","Entró en vigor en 1993 y amplió la integración política y monetaria.","active","curated","87","B2026-08-18|000087|HI-087"
"B2026-08-18|HI-088","B2026-08-18","HI-088","HI","S_DIFICULTAD_TRIVIAL_V1|CUR","¿Qué misión llevó a los primeros seres humanos a la superficie lunar?","Apollo 11.","Neil Armstrong y Buzz Aldrin caminaron sobre la Luna en julio de 1969.","active","curated","88","B2026-08-18|000088|HI-088"
"B2026-08-18|HI-089","B2026-08-18","HI-089","HI","S_DIFICULTAD_TRIVIAL_V1|CUR","¿Qué operación de 1948-1949 abasteció por aire a los sectores occidentales de Berlín durante el bloqueo soviético?","El puente aéreo de Berlín.","Aviones aliados transportaron alimentos y combustible hasta que se levantó el bloqueo.","active","curated","89","B2026-08-18|000089|HI-089"
"B2026-08-18|HI-090","B2026-08-18","HI-090","HI","S_DIFICULTAD_TRIVIAL_V1|AUT","¿Cómo se llamó el conjunto de reinos surgidos tras la muerte de Alejandro Magno?","Reinos helenísticos.","Sus dirigentes, los diádocos, repartieron el imperio macedonio.","active","curated","90","B2026-08-18|000090|HI-090"
"B2026-08-18|HI-091","B2026-08-18","HI-091","HI","S_DIFICULTAD_TRIVIAL_V1|AUT","¿Qué hermanos romanos del siglo II a. C. promovieron reformas agrarias y murieron violentamente?","Tiberio y Cayo Graco.","Sus tribunados agravaron los conflictos políticos de la República romana.","active","curated","91","B2026-08-18|000091|HI-091"
"B2026-08-18|HI-092","B2026-08-18","HI-092","HI","S_DIFICULTAD_TRIVIAL_V1|CUR","¿Qué acuerdo imperial de 313 permitió la práctica del cristianismo en el Imperio romano?","El Edicto de Milán.","Constantino y Licinio establecieron tolerancia religiosa y devolución de bienes.","active","curated","92","B2026-08-18|000092|HI-092"
"B2026-08-18|HI-093","B2026-08-18","HI-093","HI","S_DIFICULTAD_TRIVIAL_V1|AUT","¿Qué compilación jurídica ordenó Justiniano I en el siglo VI?","El Corpus iuris civilis.","La recopilación influyó profundamente en la tradición jurídica europea.","active","curated","93","B2026-08-18|000093|HI-093"
"B2026-08-18|HI-094","B2026-08-18","HI-094","HI","S_DIFICULTAD_TRIVIAL_V1|AUT","¿Cómo se llamó la controversia bizantina sobre el uso de imágenes sagradas?","Iconoclasia.","Durante los siglos VIII y IX hubo periodos de prohibición y restauración de iconos.","active","curated","94","B2026-08-18|000094|HI-094"
"B2026-08-18|HI-095","B2026-08-18","HI-095","HI","S_DIFICULTAD_TRIVIAL_V1|AUT","¿Qué episodio de 1077 simbolizó el conflicto de las investiduras entre Enrique IV y Gregorio VII?","La humillación o marcha de Canossa.","El emperador buscó que el papa levantara su excomunión.","active","curated","95","B2026-08-18|000095|HI-095"
"B2026-08-18|HI-096","B2026-08-18","HI-096","HI","S_DIFICULTAD_TRIVIAL_V1|AUT","¿Qué cruzada saqueó Constantinopla en 1204?","La Cuarta Cruzada.","Los cruzados establecieron un Imperio latino en la capital bizantina.","active","curated","96","B2026-08-18|000096|HI-096"
"B2026-08-18|HI-097","B2026-08-18","HI-097","HI","S_DIFICULTAD_TRIVIAL_V1|NIC","¿Qué documento de 1356 reguló la elección del emperador del Sacro Imperio?","La Bula de Oro.","Carlos IV fijó el papel de siete príncipes electores.","active","curated","97","B2026-08-18|000097|HI-097"
"B2026-08-18|HI-098","B2026-08-18","HI-098","HI","S_DIFICULTAD_TRIVIAL_V1|CUR","¿En qué ciudad residieron los papas durante gran parte del siglo XIV fuera de Roma?","Aviñón.","El papado de Aviñón se extendió de 1309 a 1377.","active","curated","98","B2026-08-18|000098|HI-098"
"B2026-08-18|HI-099","B2026-08-18","HI-099","HI","S_DIFICULTAD_TRIVIAL_V1|AUT","¿Cómo se llamó la gran revuelta campesina francesa de 1358?","La Jacquerie.","La rebelión estalló en el contexto de la Guerra de los Cien Años.","active","curated","99","B2026-08-18|000099|HI-099"
"B2026-08-18|HI-100","B2026-08-18","HI-100","HI","S_DIFICULTAD_TRIVIAL_V1|AUT","¿Qué edicto de 1598 concedió derechos limitados a los protestantes franceses?","El Edicto de Nantes.","Enrique IV lo promulgó para reducir las guerras de religión.","active","curated","100","B2026-08-18|000100|HI-100"
"B2026-08-18|HI-101","B2026-08-18","HI-101","HI","S_DIFICULTAD_TRIVIAL_V1|AUT","¿Cómo se llamaron las rebeliones contra la monarquía francesa durante la minoría de Luis XIV?","La Fronda.","Entre 1648 y 1653 se alzaron parlamentos y sectores de la nobleza.","active","curated","101","B2026-08-18|000101|HI-101"
"B2026-08-18|HI-102","B2026-08-18","HI-102","HI","S_DIFICULTAD_TRIVIAL_V1|AUT","¿Qué disposición de 1713 permitió que María Teresa heredara los dominios de los Habsburgo?","La Pragmática Sanción.","Carlos VI buscó el reconocimiento europeo de la sucesión de su hija.","active","curated","102","B2026-08-18|000102|HI-102"
"B2026-08-18|HI-103","B2026-08-18","HI-103","HI","S_DIFICULTAD_TRIVIAL_V1|AUT","¿Qué Estado desapareció del mapa europeo tras tres repartos entre 1772 y 1795?","La Mancomunidad de Polonia-Lituania.","Rusia, Prusia y Austria se repartieron sus territorios.","active","curated","103","B2026-08-18|000103|HI-103"
"B2026-08-18|HI-104","B2026-08-18","HI-104","HI","S_DIFICULTAD_TRIVIAL_V1|AUT","¿Cómo se llamó la gran rebelión de soldados indios contra la Compañía Británica de las Indias Orientales en 1857?","La rebelión de los cipayos.","Tras ella, la Corona británica asumió el gobierno directo de India.","active","curated","104","B2026-08-18|000104|HI-104"
"B2026-08-18|HI-105","B2026-08-18","HI-105","HI","S_DIFICULTAD_TRIVIAL_V1|AUT","¿Qué programa de reformas modernizadoras emprendió el Imperio otomano desde 1839?","El Tanzimat.","Buscó reorganizar administración, ejército, fiscalidad y derechos.","active","curated","105","B2026-08-18|000105|HI-105"
"B2026-08-18|HI-106","B2026-08-18","HI-106","HI","S_DIFICULTAD_TRIVIAL_V1|AUT","¿Qué movimiento chino de 1899-1901 atacó la influencia extranjera y las misiones cristianas?","La rebelión de los bóxers.","Una coalición internacional intervino y ocupó Pekín.","active","curated","106","B2026-08-18|000106|HI-106"
"B2026-08-18|HI-107","B2026-08-18","HI-107","HI","S_DIFICULTAD_TRIVIAL_V1|AUT","¿Qué movimiento depuso al sultán Abdul Hamid II tras restaurar la constitución otomana?","Los Jóvenes Turcos.","La revolución de 1908 restableció el régimen constitucional.","active","curated","107","B2026-08-18|000107|HI-107"
"B2026-08-18|HI-108","B2026-08-18","HI-108","HI","S_DIFICULTAD_TRIVIAL_V1|AUT","¿Qué declaración británica de 1917 apoyó un «hogar nacional» judío en Palestina?","La Declaración Balfour.","Fue una carta del ministro Arthur Balfour a lord Rothschild.","active","curated","108","B2026-08-18|000108|HI-108"
"B2026-08-18|HI-109","B2026-08-18","HI-109","HI","S_DIFICULTAD_TRIVIAL_V1|AUT","¿Cómo se llamó la retirada estratégica de los comunistas chinos entre 1934 y 1935?","La Larga Marcha.","El recorrido consolidó el liderazgo de Mao dentro del Partido Comunista.","active","curated","109","B2026-08-18|000109|HI-109"
"B2026-08-18|HI-110","B2026-08-18","HI-110","HI","S_DIFICULTAD_TRIVIAL_V1|AUT","¿Qué conferencia afroasiática de 1955 se celebró en Indonesia?","La Conferencia de Bandung.","Impulsó la cooperación poscolonial y precedió al Movimiento de Países No Alineados.","active","curated","110","B2026-08-18|000110|HI-110"
"B2026-08-18|HI-111","B2026-08-18","HI-111","HI","S_DIFICULTAD_TRIVIAL_V1|AUT","¿Cómo se llamó el intento reformista checoslovaco de 1968 reprimido por el Pacto de Varsovia?","La Primavera de Praga.","Alexander Dubček promovió un «socialismo con rostro humano».","active","curated","111","B2026-08-18|000111|HI-111"
"B2026-08-18|HI-112","B2026-08-18","HI-112","HI","S_DIFICULTAD_TRIVIAL_V1|CUR","¿Qué revolución portuguesa de 1974 puso fin al Estado Novo?","La Revolución de los Claveles.","El movimiento militar abrió una transición democrática y aceleró la descolonización.","active","curated","112","B2026-08-18|000112|HI-112"
"B2026-08-18|HI-113","B2026-08-18","HI-113","HI","S_DIFICULTAD_TRIVIAL_V1|AUT","¿Qué crisis colonial de 1898 enfrentó a Francia y Reino Unido en Sudán?","El incidente de Fachoda.","Ambas potencias evitaron la guerra y Francia retiró su expedición.","active","curated","113","B2026-08-18|000113|HI-113"
"B2026-08-18|HI-114","B2026-08-18","HI-114","HI","S_DIFICULTAD_TRIVIAL_V1|NIC","¿Qué batalla de 751 entre fuerzas abasíes y Tang se libró cerca del río Talas?","La batalla del Talas.","La victoria abasí limitó la expansión Tang en Asia Central.","active","curated","114","B2026-08-18|000114|HI-114"
"B2026-08-18|HI-115","B2026-08-18","HI-115","HI","S_DIFICULTAD_TRIVIAL_V1|NIC","¿Qué revuelta de 532 en Constantinopla estuvo a punto de derribar a Justiniano I?","La revuelta de Niká.","Facciones del hipódromo se unieron contra el emperador antes de ser reprimidas.","active","curated","115","B2026-08-18|000115|HI-115"
"B2026-08-18|HI-116","B2026-08-18","HI-116","HI","S_DIFICULTAD_TRIVIAL_V1|NIC","¿Qué sínodo de 664 decidió seguir en Northumbria el cálculo romano de la Pascua?","El sínodo de Whitby.","La decisión alineó las prácticas del reino con la Iglesia romana.","active","curated","116","B2026-08-18|000116|HI-116"
"B2026-08-18|HI-117","B2026-08-18","HI-117","HI","S_DIFICULTAD_TRIVIAL_V1|NIC","¿Qué levantamiento iniciado en Palermo en 1282 expulsó a los angevinos de Sicilia?","Las Vísperas sicilianas.","La revuelta desencadenó una guerra por el control de la isla.","active","curated","117","B2026-08-18|000117|HI-117"
"B2026-08-18|HI-118","B2026-08-18","HI-118","HI","S_DIFICULTAD_TRIVIAL_V1|NIC","¿Qué tratado de 1689 fijó una frontera entre Rusia y la China Qing?","El Tratado de Nérchinsk.","Fue el primer tratado formal entre ambos imperios.","active","curated","118","B2026-08-18|000118|HI-118"
"B2026-08-18|HI-119","B2026-08-18","HI-119","HI","S_DIFICULTAD_TRIVIAL_V1|NIC","¿Qué conflicto anglo-español de 1739 tomó su nombre de un capitán británico mutilado?","La guerra de la Oreja de Jenkins.","El episodio de Robert Jenkins se convirtió en propaganda para justificar la guerra.","active","curated","119","B2026-08-18|000119|HI-119"
"B2026-08-18|HI-120","B2026-08-18","HI-120","HI","S_DIFICULTAD_TRIVIAL_V1|NIC","¿Qué tratado de 1774 otorgó a Rusia importantes ventajas frente al Imperio otomano?","El Tratado de Küçük Kaynarca.","Rusia ganó acceso y derechos estratégicos en el mar Negro.","active","curated","120","B2026-08-18|000120|HI-120"
"B2026-08-18|HI-121","B2026-08-18","HI-121","HI","S_DIFICULTAD_TRIVIAL_V1|NIC","¿Qué incidente de 1931 sirvió de pretexto a Japón para ocupar Manchuria?","El incidente de Mukden.","Una explosión en una vía férrea fue atribuida a China por el ejército japonés.","active","curated","121","B2026-08-18|000121|HI-121"
"B2026-08-18|HI-122","B2026-08-18","HI-122","HI","S_DIFICULTAD_TRIVIAL_V1|NIC","¿Qué gran ofensiva soviética de 1944 destruyó el Grupo de Ejércitos Centro alemán?","La Operación Bagration.","La ofensiva liberó gran parte de Bielorrusia y causó enormes pérdidas alemanas.","active","curated","122","B2026-08-18|000122|HI-122"
