"question_key","bank_id","question_id","category_id","level_key","prompt","answer","explanation","status","source_status","random_order"
"B2026-08-18|IN-001","B2026-08-18","IN-001","IN","S_DIFICULTAD_TRIVIAL_V1|CUR","¿Qué significan las siglas CPU en informática?","Unidad Central de Procesamiento (Central Processing Unit).","La CPU ejecuta instrucciones y coordina gran parte del procesamiento general de un ordenador.","active","no administrada","9"
"B2026-08-18|IN-002","B2026-08-18","IN-002","IN","S_DIFICULTAD_TRIVIAL_V1|CUR","¿Qué tipo de memoria de un ordenador pierde normalmente su contenido al apagarse: RAM o almacenamiento en disco?","La RAM.","La memoria RAM ordinaria es volátil y se usa para mantener datos e instrucciones en uso.","active","no administrada","12"
"B2026-08-18|IN-003","B2026-08-18","IN-003","IN","S_DIFICULTAD_TRIVIAL_V1|CUR","¿Qué protocolo es la base de la transferencia de páginas y recursos en la World Wide Web?","HTTP.","HTTP define cómo clientes y servidores web intercambian solicitudes y respuestas.","retired","administrada","4"
"B2026-08-18|IN-004","B2026-08-18","IN-004","IN","S_DIFICULTAD_TRIVIAL_V1|CUR","¿Qué sistema traduce nombres de dominio como «example.com» a direcciones IP?","El DNS.","El Sistema de Nombres de Dominio permite localizar servicios de Internet mediante nombres legibles.","retired","administrada","8"
"B2026-08-18|IN-005","B2026-08-18","IN-005","IN","S_DIFICULTAD_TRIVIAL_V1|CUR","¿Qué sistema de numeración utiliza únicamente los dígitos 0 y 1?","El sistema binario.","La informática digital representa datos mediante bits que toman los valores 0 o 1.","active","no administrada","18"
"B2026-08-18|IN-006","B2026-08-18","IN-006","IN","S_DIFICULTAD_TRIVIAL_V1|CUR","¿Qué programador creó el núcleo Linux en 1991?","Linus Torvalds.","Torvalds inició Linux como un proyecto personal que después se convirtió en un núcleo de sistemas operativos ampliamente usado.","retired","administrada","6"
"B2026-08-18|IN-007","B2026-08-18","IN-007","IN","S_DIFICULTAD_TRIVIAL_V1|CUR","¿Qué lenguaje de programación fue creado por Brendan Eich en 1995 para ejecutarse inicialmente en navegadores web?","JavaScript.","JavaScript nació en Netscape y se convirtió en uno de los lenguajes fundamentales de la web.","discarded","descartada","7"
"B2026-08-18|IN-008","B2026-08-18","IN-008","IN","S_DIFICULTAD_TRIVIAL_V1|CUR","En una base de datos relacional, ¿cómo se llama el campo o conjunto de campos que identifica de forma única cada fila de una tabla?","Clave primaria.","La clave primaria impide que dos filas compartan el mismo identificador lógico.","active","no administrada","20"
"B2026-08-18|IN-009","B2026-08-18","IN-009","IN","S_DIFICULTAD_TRIVIAL_V1|CUR","¿Cómo se llama el programa que traduce código fuente a código máquina o a otra representación ejecutable antes de su ejecución?","Compilador.","Un compilador transforma un programa escrito en un lenguaje de alto nivel a una forma que la máquina puede ejecutar o procesar.","active","no administrada","14"
"B2026-08-18|IN-010","B2026-08-18","IN-010","IN","S_DIFICULTAD_TRIVIAL_V1|CUR","¿Qué protocolo se utiliza tradicionalmente para enviar correo electrónico entre servidores?","SMTP.","SMTP es el protocolo estándar para la transferencia de correo saliente entre sistemas de correo.","active","no administrada","17"
"B2026-08-18|IN-011","B2026-08-18","IN-011","IN","S_DIFICULTAD_TRIVIAL_V1|CUR","¿Qué significan las siglas CSV, formato muy utilizado para intercambiar datos tabulares?","Comma-Separated Values, o valores separados por comas.","CSV representa filas y columnas en texto plano mediante separadores.","retired","administrada","3"
"B2026-08-18|IN-012","B2026-08-18","IN-012","IN","S_DIFICULTAD_TRIVIAL_V1|CUR","¿Cómo se llama la versión segura de HTTP que cifra la comunicación mediante TLS?","HTTPS.","HTTPS combina HTTP con una capa criptográfica que protege los datos durante la transmisión.","active","no administrada","15"
"B2026-08-18|IN-013","B2026-08-18","IN-013","IN","S_DIFICULTAD_TRIVIAL_V1|CUR","¿Qué estructura de datos sigue el principio LIFO: el último elemento en entrar es el primero en salir?","La pila (stack).","Las pilas operan de forma LIFO, como una pila física de objetos.","active","no administrada","16"
"B2026-08-18|IN-014","B2026-08-18","IN-014","IN","S_DIFICULTAD_TRIVIAL_V1|CUR","¿Cómo se llama un ataque que intenta saturar un servicio con tráfico procedente de numerosos equipos coordinados?","Ataque DDoS.","Un ataque distribuido de denegación de servicio usa múltiples orígenes para agotar los recursos de un objetivo.","retired","administrada","2"
"B2026-08-18|IN-015","B2026-08-18","IN-015","IN","S_DIFICULTAD_TRIVIAL_V1|AUT","¿Qué informático propuso en 1970 el modelo relacional de bases de datos?","Edgar F. Codd.","Codd formuló el modelo relacional que está en la base conceptual de los sistemas SQL modernos.","active","no administrada","13"
"B2026-08-18|IN-016","B2026-08-18","IN-016","IN","S_DIFICULTAD_TRIVIAL_V1|AUT","¿De qué tres apellidos proceden las siglas del algoritmo criptográfico RSA?","Rivest, Shamir y Adleman.","RSA fue publicado por Ron Rivest, Adi Shamir y Leonard Adleman en 1977.","active","no administrada","10"
"B2026-08-18|IN-017","B2026-08-18","IN-017","IN","S_DIFICULTAD_TRIVIAL_V1|AUT","¿Qué asociación profesional concede el Premio Turing, uno de los máximos reconocimientos de la informática?","La ACM (Association for Computing Machinery).","La ACM concede anualmente el Premio A. M. Turing por contribuciones fundamentales a la computación.","retired","administrada","5"
"B2026-08-18|IN-018","B2026-08-18","IN-018","IN","S_DIFICULTAD_TRIVIAL_V1|AUT","¿Qué sistema de control de versiones creó Linus Torvalds en 2005 para el desarrollo del núcleo Linux?","Git.","Git fue diseñado para gestionar de forma distribuida y eficiente el desarrollo del kernel de Linux.","discarded","descartada","19"
"B2026-08-18|IN-019","B2026-08-18","IN-019","IN","S_DIFICULTAD_TRIVIAL_V1|NIC","¿Qué investigador acuñó en la década de 1960 el término «hipertexto»?","Ted Nelson.","Nelson popularizó el concepto de hipertexto dentro de su proyecto Xanadu.","active","no administrada","11"
"B2026-08-18|IN-020","B2026-08-18","IN-020","IN","S_DIFICULTAD_TRIVIAL_V1|NIC","¿Cómo se conoce el gusano informático de 1988, creado por Robert Tappan Morris, que infectó miles de sistemas conectados a Internet?","El gusano Morris.","Fue uno de los primeros gusanos de Internet en causar una interrupción a gran escala y tuvo gran impacto en la seguridad informática.","retired","administrada","1"
"B2026-08-18|IN-021","B2026-08-18","IN-021","IN","S_DIFICULTAD_TRIVIAL_V1|CUR","¿Qué protocolo se utiliza habitualmente para iniciar una sesión remota cifrada en otro ordenador desde una terminal?","SSH.","SSH permite administrar sistemas remotos mediante una conexión cifrada y autenticada.","active","no administrada","21"
